network,seed,mechanism,dose,n_pairs,n_single_converged,n_double_converged,n_valid_pairs,n_eligible_pairs,n_readouts,expression_floor,floor_policy,exclude_targets,target_cap_fraction,achieved_fold_p10,achieved_fold_p50,achieved_fold_p90,residual_p0.1,residual_p1,residual_p5,residual_p50,residual_p95,residual_p99,residual_p99.9,abs_residual_p50,abs_residual_p90,abs_residual_p95,abs_residual_p99,abs_residual_p99.9,readout_gt_0.01,pair_any_gt_0.01,readout_gt_0.1,pair_any_gt_0.1,readout_gt_0.5,pair_any_gt_0.5,readout_gt_1,pair_any_gt_1,linear_readout_gt_0.1,log_additive_rmse,condition
V1,42,clamp,0.0,4096,256,4096,4096,4096,1040384,0.0001,all,True,0.0,0.0,0.0,0.0,-0.06953733467686304,-0.0011590699574204279,-2.019385547669117e-09,0.0,3.4054381536918754e-09,0.0011111969820952745,0.0685378961982355,0.0,2.989627656546645e-09,2.8292695565967917e-05,0.0059424088124694855,0.13439089138821794,0.007528950848917323,0.067626953125,0.0014148622047244095,0.02001953125,0.00017109067421259842,0.004638671875,4.229207677165354e-05,0.001708984375,0.001114011749507874,0.015237094535589489,KO
V1,42,clamp,0.0,4096,256,4096,4096,4096,1040384,1e-06,all,True,0.0,0.0,0.0,0.0,-0.06953733467686304,-0.0011590699574204279,-2.019385547669117e-09,0.0,3.4054381536918754e-09,0.0011111969820952745,0.0685378961982355,0.0,2.989627656546645e-09,2.8292695565967917e-05,0.0059424088124694855,0.13439089138821794,0.007528950848917323,0.067626953125,0.0014148622047244095,0.02001953125,0.00017109067421259842,0.004638671875,4.229207677165354e-05,0.001708984375,0.001114011749507874,0.015237094535589489,KO
V1,42,clamp,0.0,4096,256,4096,4096,4096,1040384,0.0,all,True,0.0,0.0,0.0,0.0,-0.06953733467686304,-0.0011590699574204279,-2.019385547669117e-09,0.0,3.4054381536918754e-09,0.0011111969820952745,0.0685378961982355,0.0,2.989627656546645e-09,2.8292695565967917e-05,0.0059424088124694855,0.13439089138821794,0.007528950848917323,0.067626953125,0.0014148622047244095,0.02001953125,0.00017109067421259842,0.004638671875,4.229207677165354e-05,0.001708984375,0.001114011749507874,0.015237094535589489,KO
V1,42,clamp,0.0,4096,256,4096,4096,4096,1040384,0.0001,wt,True,0.0,0.0,0.0,0.0,-0.06953733467686304,-0.0011590699574204279,-2.019385547669117e-09,0.0,3.4054381536918754e-09,0.0011111969820952745,0.0685378961982355,0.0,2.989627656546645e-09,2.8292695565967917e-05,0.0059424088124694855,0.13439089138821794,0.007528950848917323,0.067626953125,0.0014148622047244095,0.02001953125,0.00017109067421259842,0.004638671875,4.229207677165354e-05,0.001708984375,0.001114011749507874,0.015237094535589489,KO
V1,42,clamp,0.0,4096,256,4096,4096,4096,1040384,0.0001,all,False,0.0,0.0,0.0,0.0,-0.06953733467686304,-0.0011590699574204279,-2.019385547669117e-09,0.0,3.4054381536918754e-09,0.0011111969820952745,0.0685378961982355,0.0,2.989627656546645e-09,2.8292695565967917e-05,0.0059424088124694855,0.13439089138821794,0.007528950848917323,0.067626953125,0.0014148622047244095,0.02001953125,0.00017109067421259842,0.004638671875,4.229207677165354e-05,0.001708984375,0.001114011749507874,0.015237094535589489,KO
V1,42,production,0.1,4096,256,4096,4096,4096,1040384,0.0001,all,True,0.0,0.09982238378624494,0.10000000015803553,0.10000733014548249,-0.05484351499584182,-0.0009269578862965534,-3.6979357354027798e-09,4.423306165790564e-11,6.888773107505131e-09,0.0008981398633988156,0.05512071999333699,8.525709027651374e-10,5.179042084080265e-09,2.2903122494473377e-05,0.004809877253746002,0.1081764692118705,0.006591796875,0.06298828125,0.001090943343996063,0.015380859375,0.00011822557824803149,0.003173828125,3.075787401574803e-05,0.00146484375,0.0008612204724409449,0.012313673111253004,KD_90pct
V1,42,production,0.1,4096,256,4096,4096,4096,1040384,1e-06,all,True,0.0,0.09982238378624494,0.10000000015803553,0.10000733014548249,-0.05484351499584182,-0.0009269578862965534,-3.6979357354027798e-09,4.423306165790564e-11,6.888773107505131e-09,0.0008981398633988156,0.05512071999333699,8.525709027651374e-10,5.179042084080265e-09,2.2903122494473377e-05,0.004809877253746002,0.1081764692118705,0.006591796875,0.06298828125,0.001090943343996063,0.015380859375,0.00011822557824803149,0.003173828125,3.075787401574803e-05,0.00146484375,0.0008612204724409449,0.012313673111253004,KD_90pct
V1,42,production,0.1,4096,256,4096,4096,4096,1040384,0.0,all,True,0.0,0.09982238378624494,0.10000000015803553,0.10000733014548249,-0.05484351499584182,-0.0009269578862965534,-3.6979357354027798e-09,4.423306165790564e-11,6.888773107505131e-09,0.0008981398633988156,0.05512071999333699,8.525709027651374e-10,5.179042084080265e-09,2.2903122494473377e-05,0.004809877253746002,0.1081764692118705,0.006591796875,0.06298828125,0.001090943343996063,0.015380859375,0.00011822557824803149,0.003173828125,3.075787401574803e-05,0.00146484375,0.0008612204724409449,0.012313673111253004,KD_90pct
V1,42,production,0.1,4096,256,4096,4096,4096,1040384,0.0001,wt,True,0.0,0.09982238378624494,0.10000000015803553,0.10000733014548249,-0.05484351499584182,-0.0009269578862965534,-3.6979357354027798e-09,4.423306165790564e-11,6.888773107505131e-09,0.0008981398633988156,0.05512071999333699,8.525709027651374e-10,5.179042084080265e-09,2.2903122494473377e-05,0.004809877253746002,0.1081764692118705,0.006591796875,0.06298828125,0.001090943343996063,0.015380859375,0.00011822557824803149,0.003173828125,3.075787401574803e-05,0.00146484375,0.0008612204724409449,0.012313673111253004,KD_90pct
V1,42,production,0.1,4096,256,4096,4096,4096,1048518,0.0001,all,False,0.0,0.09982238378624494,0.10000000015803553,0.10000733014548249,-0.05475361811904654,-0.0009297747480873974,-3.6979357354027798e-09,4.423306165790564e-11,6.888772219326711e-09,0.0009006463979398596,0.055059010114762906,8.525709027651374e-10,5.179042084080265e-09,2.2948583346955706e-05,0.004814520982157616,0.10815310642839002,0.006591207780886928,0.06298828125,0.0010910637680993556,0.015380859375,0.00011730842961208105,0.003173828125,3.051926624054141e-05,0.00146484375,0.0010510072311586448,0.01227747990052521,KD_90pct
V1,42,production,0.5,4096,256,4096,4096,4096,1040384,0.0001,all,True,0.0,0.49951735636085726,0.5000000007886527,0.5000202248272552,-0.015704208549221527,-0.0002717166530345594,-3.696193573432538e-09,4.423306165790564e-11,6.492538062730091e-09,0.00027514941568760535,0.016373004548774623,8.521685579410132e-10,4.885653659414402e-09,6.761330750881773e-06,0.0014175964552210433,0.030761691049873315,0.002853753998523622,0.035888671875,0.00018262487696850394,0.004638671875,6.728284940944882e-06,0.000732421875,9.61183562992126e-07,0.000244140625,0.0001739742249015748,0.00378381389842725,KD_50pct
V1,42,production,0.5,4096,256,4096,4096,4096,1040384,1e-06,all,True,0.0,0.49951735636085726,0.5000000007886527,0.5000202248272552,-0.015704208549221527,-0.0002717166530345594,-3.696193573432538e-09,4.423306165790564e-11,6.492538062730091e-09,0.00027514941568760535,0.016373004548774623,8.521685579410132e-10,4.885653659414402e-09,6.761330750881773e-06,0.0014175964552210433,0.030761691049873315,0.002853753998523622,0.035888671875,0.00018262487696850394,0.004638671875,6.728284940944882e-06,0.000732421875,9.61183562992126e-07,0.000244140625,0.0001739742249015748,0.00378381389842725,KD_50pct
V1,42,production,0.5,4096,256,4096,4096,4096,1040384,0.0,all,True,0.0,0.49951735636085726,0.5000000007886527,0.5000202248272552,-0.015704208549221527,-0.0002717166530345594,-3.696193573432538e-09,4.423306165790564e-11,6.492538062730091e-09,0.00027514941568760535,0.016373004548774623,8.521685579410132e-10,4.885653659414402e-09,6.761330750881773e-06,0.0014175964552210433,0.030761691049873315,0.002853753998523622,0.035888671875,0.00018262487696850394,0.004638671875,6.728284940944882e-06,0.000732421875,9.61183562992126e-07,0.000244140625,0.0001739742249015748,0.00378381389842725,KD_50pct
V1,42,production,0.5,4096,256,4096,4096,4096,1040384,0.0001,wt,True,0.0,0.49951735636085726,0.5000000007886527,0.5000202248272552,-0.015704208549221527,-0.0002717166530345594,-3.696193573432538e-09,4.423306165790564e-11,6.492538062730091e-09,0.00027514941568760535,0.016373004548774623,8.521685579410132e-10,4.885653659414402e-09,6.761330750881773e-06,0.0014175964552210433,0.030761691049873315,0.002853753998523622,0.035888671875,0.00018262487696850394,0.004638671875,6.728284940944882e-06,0.000732421875,9.61183562992126e-07,0.000244140625,0.0001739742249015748,0.00378381389842725,KD_50pct
V1,42,production,0.5,4096,256,4096,4096,4096,1048576,0.0001,all,False,0.0,0.49951735636085726,0.5000000007886527,0.5000202248272552,-0.01567782029634022,-0.0002723991635764089,-3.6979357354027798e-09,4.423306165790564e-11,6.492538062730091e-09,0.00027567828058683297,0.01630483872778567,8.521685579410132e-10,5.176602257961349e-09,6.769732577308063e-06,0.0014211607573791918,0.030721793671754136,0.0028524398803710938,0.035888671875,0.0001811981201171875,0.004638671875,6.67572021484375e-06,0.000732421875,9.5367431640625e-07,0.000244140625,0.000244140625,0.003771226275833006,KD_50pct
V1,42,production,2.0,4096,256,4096,4096,4096,1040138,0.0001,all,True,0.0,1.9999394459955553,1.9999999958675956,2.0033952324667315,-0.0406211823568262,-0.0008533521829405455,-3.696193573432538e-09,4.423306165790564e-11,6.888772219326711e-09,0.000852780655316208,0.04014826233640984,8.525709027651374e-10,5.179042084080265e-09,1.8551465797328106e-05,0.00405542083885891,0.07500967938258965,0.005908831328150688,0.06201171875,0.0007037527712668896,0.01416015625,4.8070544485443276e-05,0.001708984375,1.0575519786797522e-05,0.00048828125,0.0005201232913324963,0.008840509012022093,CRISPRa_2x
V1,42,production,2.0,4096,256,4096,4096,4096,1040384,1e-06,all,True,0.0,1.9999394459955553,1.9999999958675956,2.0033952324667315,-0.04111147665844322,-0.000859322348049959,-3.696193573432538e-09,4.423306165790564e-11,6.888772219326711e-09,0.000859770581616893,0.04066281026342368,8.525709027651374e-10,5.179042084080265e-09,1.875326191975643e-05,0.004090806940128579,0.07596319727035945,0.005948765071358267,0.062255859375,0.0007180041215551181,0.01416015625,4.9020361712598426e-05,0.001708984375,1.1534202755905512e-05,0.00048828125,0.0005373016117125984,0.008946951201481281,CRISPRa_2x
V1,42,production,2.0,4096,256,4096,4096,4096,1040384,0.0,all,True,0.0,1.9999394459955553,1.9999999958675956,2.0033952324667315,-0.04111147665844322,-0.000859322348049959,-3.696193573432538e-09,4.423306165790564e-11,6.888772219326711e-09,0.000859770581616893,0.04066281026342368,8.525709027651374e-10,5.179042084080265e-09,1.875326191975643e-05,0.004090806940128579,0.07596319727035945,0.005948765071358267,0.062255859375,0.0007180041215551181,0.01416015625,4.9020361712598426e-05,0.001708984375,1.1534202755905512e-05,0.00048828125,0.0005373016117125984,0.008946951201481281,CRISPRa_2x
V1,42,production,2.0,4096,256,4096,4096,4096,1040384,0.0001,wt,True,0.0,1.9999394459955553,1.9999999958675956,2.0033952324667315,-0.04111147665844322,-0.000859322348049959,-3.696193573432538e-09,4.423306165790564e-11,6.888772219326711e-09,0.000859770581616893,0.04066281026342368,8.525709027651374e-10,5.179042084080265e-09,1.875326191975643e-05,0.004090806940128579,0.07596319727035945,0.005948765071358267,0.062255859375,0.0007180041215551181,0.01416015625,4.9020361712598426e-05,0.001708984375,1.1534202755905512e-05,0.00048828125,0.0005373016117125984,0.008946951201481281,CRISPRa_2x
V1,42,production,2.0,4096,256,4096,4096,4096,1048329,0.0001,all,False,0.0,1.9999394459955553,1.9999999958675956,2.0033952324667315,-0.04048027817267164,-0.0008554730272267807,-3.696193573432538e-09,5.186073792629031e-11,6.888772219326711e-09,0.0008535797536438838,0.04017684802837495,8.525709027651374e-10,5.2961629526393494e-09,1.861248264649613e-05,0.004059622369691787,0.07477241927587713,0.005908450495979793,0.06201171875,0.0007011157756772921,0.01416015625,4.7694950726346405e-05,0.001708984375,1.0492889159796209e-05,0.00048828125,0.000716378159909723,0.008814915750168682,CRISPRa_2x
V1,42,production,10.0,4096,256,4096,4096,4096,1037051,0.0001,all,True,0.0,9.995536841588663,9.999999982505074,10.08674035977335,-0.3760759556487005,-0.01642855678960875,-3.6979357354027798e-09,4.423306165790564e-11,6.892015846915456e-09,0.017035980595395725,0.3828039969094354,8.525709027651374e-10,6.489484061233952e-09,0.0004562193843584625,0.06383883572631271,0.6579968572703221,0.024328601004193623,0.13818359375,0.0072725449375199485,0.086181640625,0.0014271236419423924,0.0380859375,0.000534207092997355,0.0234375,0.005748029749742298,0.05780654085699818,CRISPRa_10x
V1,42,production,10.0,4096,256,4096,4096,4096,1038264,1e-06,all,True,0.0,9.995536841588663,9.999999982505074,10.08674035977335,-0.39425603211329374,-0.016834596558667782,-3.6979357354027798e-09,4.423306165790564e-11,6.892015846915456e-09,0.017467655078405166,0.4030598028524266,8.525709027651374e-10,6.489484061233952e-09,0.00047326244345502466,0.06545421449804086,0.706171131671287,0.024559264310425866,0.1396484375,0.007435488469213995,0.0908203125,0.0015275498331830824,0.04345703125,0.0006115978209780942,0.028076171875,0.0058530393040691,0.07100822170033239,CRISPRa_10x
V1,42,production,10.0,4096,256,4096,4096,4096,1040384,0.0,all,True,0.0,9.995536841588663,9.999999982505074,10.08674035977335,-0.43424088542017086,-0.01775108626426988,-3.6979357354027798e-09,4.423617028237459e-11,6.892015846915456e-09,0.018217698266566024,0.4301780017076041,8.818137331445541e-10,6.492538062730091e-09,0.0005055396591944201,0.06954438520294128,0.7888423868215361,0.024980199618602362,0.146240234375,0.007766363188976378,0.0966796875,0.0016984113558070866,0.048828125,0.0007218488558070866,0.03173828125,0.00611697219488189,0.10756362606986561,CRISPRa_10x
V1,42,production,10.0,4096,256,4096,4096,4096,1040384,0.0001,wt,True,0.0,9.995536841588663,9.999999982505074,10.08674035977335,-0.43424088542017086,-0.01775108626426988,-3.6979357354027798e-09,4.423617028237459e-11,6.892015846915456e-09,0.018217698266566024,0.4301780017076041,8.818137331445541e-10,6.492538062730091e-09,0.0005055396591944201,0.06954438520294128,0.7888423868215361,0.024980199618602362,0.146240234375,0.007766363188976378,0.0966796875,0.0016984113558070866,0.048828125,0.0007218488558070866,0.03173828125,0.00611697219488189,0.10756362606986561,CRISPRa_10x
V1,42,production,10.0,4096,256,4096,4096,4096,1045233,0.0001,all,False,0.0,9.995536841588663,9.999999982505074,10.08674035977335,-0.37883362136714493,-0.016502089632075754,-3.6979357354027798e-09,5.186073792629031e-11,6.892015846915456e-09,0.017045065525135294,0.3849562627355484,8.526321870760967e-10,6.492538062730091e-09,0.0004572543614347701,0.06405156527374138,0.6657632476260613,0.024346724605901267,0.13818359375,0.007286413651310282,0.086181640625,0.0014408270691797906,0.0380859375,0.000538635883099749,0.0234375,0.0068759788487351625,0.0578333979919877,CRISPRa_10x
V1,42,transgene,10.0,4096,256,4096,4096,4096,1037278,0.0001,all,True,0.0,9.999553669281298,9.999999990356155,10.0086738780073,-0.27395667247295186,-0.011913595300500558,-3.6979357354027798e-09,4.423306165790564e-11,6.892015846915456e-09,0.013539743843266502,0.28402025860498303,8.525709027651374e-10,6.489484061233952e-09,0.00032824672548400395,0.04948419191601497,0.4901473848139262,0.021941080404674542,0.10888671875,0.005910662329674398,0.057373046875,0.0009717742013230783,0.023681640625,0.00032199661035903584,0.013427734375,0.004841517895877479,0.04132904634353344,OE_10x
V1,42,transgene,10.0,4096,256,4096,4096,4096,1038352,1e-06,all,True,0.0,9.999553669281298,9.999999990356155,10.0086738780073,-0.2776282315210335,-0.012095318452828123,-3.6979357354027798e-09,4.423306165790564e-11,6.892015846915456e-09,0.013875257502401282,0.29110015951944057,8.525709027651374e-10,6.489484061233952e-09,0.000337359524562373,0.05016369361134537,0.5008070775891007,0.02210810977394949,0.109375,0.005994113749479945,0.057373046875,0.0010025501949242645,0.023681640625,0.000339961785598718,0.013427734375,0.004948225649875957,0.04843009530393142,OE_10x
V1,42,transgene,10.0,4096,256,4096,4096,4096,1040384,0.0,all,True,0.0,9.999553669281298,9.999999990356155,10.0086738780073,-0.29178487621864707,-0.012528404905848787,-3.6979357354027798e-09,4.423617028237459e-11,6.892015846915456e-09,0.014482986117603253,0.3019117001661871,8.52601544920617e-10,6.489484061233952e-09,0.00035905525489400233,0.0520699609542646,0.5243828061969221,0.02244748093011811,0.113037109375,0.006192905696358267,0.0595703125,0.001060185469980315,0.023681640625,0.00036909448818897637,0.013427734375,0.0052000030757874014,0.05057830331791344,OE_10x
V1,42,transgene,10.0,4096,256,4096,4096,4096,1040384,0.0001,wt,True,0.0,9.999553669281298,9.999999990356155,10.0086738780073,-0.29178487621864707,-0.012528404905848787,-3.6979357354027798e-09,4.423617028237459e-11,6.892015846915456e-09,0.014482986117603253,0.3019117001661871,8.52601544920617e-10,6.489484061233952e-09,0.00035905525489400233,0.0520699609542646,0.5243828061969221,0.02244748093011811,0.113037109375,0.006192905696358267,0.0595703125,0.001060185469980315,0.023681640625,0.00036909448818897637,0.013427734375,0.0052000030757874014,0.05057830331791344,OE_10x
V1,42,transgene,10.0,4096,256,4096,4096,4096,1045460,0.0001,all,False,0.0,9.999553669281298,9.999999990356155,10.0086738780073,-0.3169485149709327,-0.013678260510773378,-3.698203965285529e-09,4.423617028237459e-11,6.8925141150089075e-09,0.015239649915865629,0.32419558009787364,8.611209523223806e-10,6.492538062730091e-09,0.0004041991527019835,0.05543274638141053,0.5764237915262905,0.023056836225202302,0.314697265625,0.006499531306793182,0.16943359375,0.001195645935760335,0.067626953125,0.00044573680485145297,0.039306640625,0.004853365982438352,0.05318273392274959,OE_10x
V1,42,transgene,30.0,4096,256,4096,4096,4096,1032405,0.0001,all,True,0.0,29.99917636689289,29.99999996966983,30.016755518120522,-0.543367951571666,-0.03235974091404173,-3.6979357354027798e-09,4.423306165790564e-11,6.892015846915456e-09,0.034884619045246215,0.5693888331189858,8.521685579410132e-10,5.179416451284169e-09,0.0009674265275121295,0.1103731958906799,0.9206406957615668,0.031136036729771745,0.128173828125,0.010767092371695217,0.083251953125,0.002255897637070723,0.04541015625,0.0008785311965749875,0.02587890625,0.008794998086991055,0.07308331673442234,OE_30x
V1,42,transgene,30.0,4096,256,4096,4096,4096,1034876,1e-06,all,True,0.0,29.99917636689289,29.99999996966983,30.016755518120522,-0.560580774527131,-0.03317919905096661,-3.6979357354027798e-09,4.423306165790564e-11,6.892015846915456e-09,0.03569645594636073,0.5970808205919335,8.521685579410132e-10,6.489484061233952e-09,0.0010139867060600938,0.11343917730866704,0.95089404735846,0.03142598726803984,0.12939453125,0.0109578345618219,0.08349609375,0.002347141106760617,0.0458984375,0.000930546268345193,0.02734375,0.008986583899906848,0.08022894085945853,OE_30x
V1,42,transgene,30.0,4096,256,4096,4096,4096,1040384,0.0,all,True,0.0,29.99917636689289,29.99999996966983,30.016755518120522,-0.6460390745080757,-0.03606003725582181,-3.6979357354027798e-09,4.423617028237459e-11,6.892015846915456e-09,0.03950150773139391,0.7304636054632236,8.525709027651374e-10,6.492538062730091e-09,0.001171931972318992,0.1231976867133902,1.245646758053203,0.03235728346456693,0.146484375,0.011654350701279528,0.103515625,0.0028037724532480315,0.06640625,0.001287985974409449,0.046875,0.009605107344980315,0.22360607660074544,OE_30x
V1,42,transgene,30.0,4096,256,4096,4096,4096,1040384,0.0001,wt,True,0.0,29.99917636689289,29.99999996966983,30.016755518120522,-0.6460390745080757,-0.03606003725582181,-3.6979357354027798e-09,4.423617028237459e-11,6.892015846915456e-09,0.03950150773139391,0.7304636054632236,8.525709027651374e-10,6.492538062730091e-09,0.001171931972318992,0.1231976867133902,1.245646758053203,0.03235728346456693,0.146484375,0.011654350701279528,0.103515625,0.0028037724532480315,0.06640625,0.001287985974409449,0.046875,0.009605107344980315,0.22360607660074544,OE_30x
V1,42,transgene,30.0,4096,256,4096,4096,4096,1040564,0.0001,all,False,0.0,29.99917636689289,29.99999996966983,30.016755518120522,-0.6082465405438962,-0.03654516146069856,-3.6979357354027798e-09,4.423306165790564e-11,6.892015846915456e-09,0.03824496539321393,0.636047446465151,8.525709027651374e-10,6.492538062730091e-09,0.0011743227849827244,0.12064306073294792,1.0267826674158917,0.0323391929761168,0.34814453125,0.011481273617000012,0.2119140625,0.0025659161762275075,0.102783203125,0.0010465478336748148,0.05859375,0.00882309978050365,0.0827382472192631,OE_30x
V3,5,clamp,0.0,4096,215,3020,2786,2786,571471,0.0001,all,True,0.0,0.0,0.0,0.0,-6.096900742340066,-0.8285047682233151,-0.020891827246698025,0.0,0.018897634423111764,0.8798888343001531,5.978082259677773,5.563049424450739e-07,0.019832927994458238,0.12960305022565488,2.1282726321923895,7.5643763391874765,0.12309985983540722,0.32089016511127066,0.05576835919932945,0.20064608758076094,0.02699874534315827,0.1249102656137832,0.01805165966426993,0.09045226130653267,0.049883546146698605,0.5239004442153349,KO
V3,5,clamp,0.0,4096,215,3020,2786,2786,638100,1e-06,all,True,0.0,0.0,0.0,0.0,-7.387498401815601,-1.1574613118741937,-0.029644077137324174,0.0,0.026153426359211696,1.186227499980088,8.053493901179197,8.379894004262312e-07,0.027835172589103577,0.1815749731753883,2.787838175657087,10.32701685816366,0.13533615420780443,0.32627422828427854,0.06349631719166275,0.20567121320890164,0.03183513555868986,0.12921751615218952,0.0219777464347281,0.09511844938980617,0.0592054536906441,0.7048393558486491,KO
V3,5,clamp,0.0,4096,215,3020,2786,2786,707644,0.0,all,True,0.0,0.0,0.0,0.0,-10.052114141298324,-1.5895734667385824,-0.041861632940592905,0.0,0.03816572202465996,1.6690732739775223,11.41118038238762,1.299996284842564e-06,0.04005545740136521,0.2639495537106603,3.657119468767272,14.351973189057452,0.14902973811690623,0.3399138549892319,0.07277529379179361,0.21715721464465182,0.03786649784354845,0.1363962670495334,0.026767696751473904,0.1037329504666188,0.07051850930693965,0.9593639348870846,KO
V3,5,clamp,0.0,4096,215,3020,2786,2786,580787,0.0001,wt,True,0.0,0.0,0.0,0.0,-6.948801974817509,-0.9853620492121528,-0.02458533935321017,0.0,0.023804198116607937,1.2830481485296499,8.996686554537401,6.537090153080349e-07,0.024253551253736638,0.16497339885012094,2.73222312953246,10.578464690402814,0.1297015945604843,0.32196697774587224,0.06091734146941994,0.2038765254845657,0.030772038630341243,0.12670495333811918,0.021303851498053503,0.09296482412060302,0.05365478221792155,0.7266240982077793,KO
V3,5,clamp,0.0,4096,215,3020,2786,2786,571471,0.0001,all,False,0.0,0.0,0.0,0.0,-6.096900742340066,-0.8285047682233151,-0.020891827246698025,0.0,0.018897634423111764,0.8798888343001531,5.978082259677773,5.563049424450739e-07,0.019832927994458238,0.12960305022565488,2.1282726321923895,7.5643763391874765,0.12309985983540722,0.32089016511127066,0.05576835919932945,0.20064608758076094,0.02699874534315827,0.1249102656137832,0.01805165966426993,0.09045226130653267,0.049883546146698605,0.5239004442153349,KO
V3,5,production,0.1,4096,212,2979,2733,2733,561938,0.0001,all,True,0.0,0.09475584710583253,0.10000000545424792,0.11116101530205205,-5.586279780975777,-0.5531576252216603,-0.01503757527203654,0.0,0.013776425583137011,0.5430360872416069,5.135456317610312,4.1110002158006864e-07,0.01443160254772108,0.08933828743246713,1.5546345659350211,6.934271575800054,0.1122490381501162,0.3062568605927552,0.04739490833508323,0.18880351262349068,0.021117988105449355,0.10720819612147824,0.013999765098640775,0.07647274057811929,0.0424762162373785,0.45621150485651935,KD_90pct
V3,5,production,0.1,4096,212,2979,2733,2733,626763,1e-06,all,True,0.0,0.09475584710583253,0.10000000545424792,0.11116101530205205,-6.966068572843413,-0.7670990606185887,-0.021041245935089492,0.0,0.01919508246255053,0.7447270720629819,6.773685546260579,6.107920778042342e-07,0.02004773364020346,0.11988490459071348,2.0537913682848288,9.393584525408976,0.12364960918241824,0.3110135382363703,0.0542150701301768,0.1906330040248811,0.024982329843976112,0.11342846688620563,0.01694899028819506,0.07903402854006586,0.050676252427153484,0.6182325789437809,KD_90pct
V3,5,production,0.1,4096,212,2979,2733,2733,694182,0.0,all,True,0.0,0.09475584710583253,0.10000000545424792,0.11116101530205205,-9.130294933435708,-1.0774103590149804,-0.0295782250294127,0.0,0.027277097806488054,1.0569313099368591,9.893141909358171,9.277573448512877e-07,0.028429747578261663,0.16965249216863826,2.8063932252387938,13.230938983675571,0.13664572115093737,0.32199048664471275,0.06268240893598509,0.20453713867544823,0.03003102932660311,0.1225759238931577,0.020817307276766034,0.08598609586534943,0.06096239890979599,0.8559464413026661,KD_90pct
V3,5,production,0.1,4096,212,2979,2733,2733,569747,0.0001,wt,True,0.0,0.09475584710583253,0.10000000545424792,0.11116101530205205,-6.617389307773094,-0.6635659586738131,-0.017378994171671634,0.0,0.016689199287106424,0.7616324893017997,7.162298634071332,4.7099285052643047e-07,0.017053134031811985,0.10802190415270929,2.0041960965196126,9.699015174249304,0.11778385844945212,0.30735455543358947,0.05162115816318471,0.18880351262349068,0.024033474507105787,0.10867178924259056,0.016428344510809184,0.07757043541895353,0.04541138435129979,0.6413642081995369,KD_90pct
V3,5,production,0.1,4096,212,2979,2733,2733,565721,0.0001,all,False,0.0,0.09475584710583253,0.10000000545424792,0.11116101530205205,-5.574364031253686,-0.5523557428232666,-0.015116114492446098,0.0,0.013843149803540733,0.5433913793045012,5.143928846535004,4.2207592110266035e-07,0.014513799396554283,0.08957229040425618,1.5508646245981972,6.929795694866228,0.11246709950664727,0.3066227588730333,0.047436810724721196,0.18880351262349068,0.02111641604253687,0.10720819612147824,0.013985692594052546,0.07647274057811929,0.043174992620037086,0.45595032351987114,KD_90pct
V3,5,production,0.5,4096,222,3186,3052,3052,631376,0.0001,all,True,0.0,0.49355849609096447,0.5000014599046261,0.53288324866682,-3.338078486240708,-0.23495338855604916,-0.00828913560914172,0.0,0.008086528971422924,0.2369257346065955,3.65189350225778,2.7346895814517325e-07,0.0081821188699686,0.04553202318793992,0.6692392672572216,5.253198008358639,0.09338809204024226,0.28014416775884665,0.033341463723676544,0.15072083879423329,0.012178163249790933,0.07863695937090433,0.007353779681204227,0.05209698558322411,0.0293992803020704,0.31613727418777077,KD_50pct
V3,5,production,0.5,4096,222,3186,3052,3052,702442,1e-06,all,True,0.0,0.49355849609096447,0.5000014599046261,0.53288324866682,-4.457469018171071,-0.30717017633867405,-0.011025556139227798,-2.7755575615628914e-16,0.01069864729591044,0.3000214933121426,4.675538508292683,4.019426098067491e-07,0.010864592982047661,0.05851685575709843,0.8488205060819861,6.723358728420134,0.10291525848397448,0.28440366972477066,0.03816258139462048,0.15727391874180865,0.014394070969560475,0.08191349934469201,0.008890413728108513,0.05602883355176933,0.035306829603013484,0.4211805988084339,KD_50pct
V3,5,production,0.5,4096,222,3186,3052,3052,775208,0.0,all,True,0.0,0.49355849609096447,0.5000014599046261,0.53288324866682,-5.91733194104106,-0.4172238413868251,-0.015134416208458155,-2.914335439641036e-16,0.014430914259863818,0.39886760960619994,6.1279345900470235,5.914174299459507e-07,0.014782848201731223,0.07938718503897384,1.1497026224867117,8.97881228211571,0.1139113631438272,0.29357798165137616,0.04452998421068926,0.16448230668414154,0.017619787205498394,0.0891218872870249,0.011092506785275694,0.061598951507208385,0.04307747082073456,0.5722929765421231,KD_50pct
V3,5,production,0.5,4096,222,3186,3052,3052,636180,0.0001,wt,True,0.0,0.49355849609096447,0.5000014599046261,0.53288324866682,-4.043397720161004,-0.2628180114020166,-0.009093550951512052,0.0,0.008944902687358836,0.28083241177522394,4.842540589423194,2.949370385696426e-07,0.009016788933559365,0.05048442793598042,0.7941633090507415,6.697148053296376,0.09644911817410166,0.2807994757536042,0.03553868402024584,0.1526867627785059,0.013596780785312334,0.0799475753604194,0.00849130749159043,0.05504587155963303,0.031043101009148356,0.4289824423774038,KD_50pct
V3,5,production,0.5,4096,222,3186,3052,3052,636001,0.0001,all,False,0.0,0.49355849609096447,0.5000014599046261,0.53288324866682,-3.330416815141961,-0.23451428265791963,-0.008301971816409903,0.0,0.008129316006000309,0.23614283698732086,3.644502625906965,2.8205863522590136e-07,0.008213483990947401,0.04551343493939097,0.6675939866800427,5.2516558172162595,0.09350928693508344,0.2804718217562254,0.0333081237293652,0.15072083879423329,0.01214777964185591,0.07863695937090433,0.007345900399527674,0.05209698558322411,0.029882028487376592,0.31643449817575586,KD_50pct
V3,5,production,2.0,4096,214,2980,2785,2785,572873,0.0001,all,True,0.0,1.8279543883026594,1.9999950282390198,2.0348398515308728,-4.639322291745149,-0.43837498453965834,-0.01440285704394686,-2.7755575615628914e-16,0.014448057645967185,0.43654755954420277,4.543834127693511,5.608380104424326e-07,0.014430466571588123,0.08115255355908602,1.208367713081449,6.276134177096577,0.11299712152606249,0.31885098743267504,0.045119948051313294,0.19030520646319568,0.018426422610246948,0.10771992818671454,0.01165179716970428,0.07289048473967684,0.03936823693907725,0.4000029635934694,CRISPRa_2x
V3,5,production,2.0,4096,214,2980,2785,2785,638171,1e-06,all,True,0.0,1.8279543883026594,1.9999950282390198,2.0348398515308728,-5.813614967492257,-0.5953917032385918,-0.019657938161408983,-5.551115123125783e-16,0.019771948403513415,0.5800052594946004,5.884009530385405,8.389042367440425e-07,0.019708942439692567,0.10745535843697063,1.6342524660104103,7.79240803098017,0.12467191395409695,0.32639138240574506,0.05178235927361162,0.19497307001795333,0.021967466400071453,0.11131059245960502,0.014330014995980701,0.07719928186714542,0.04681503860250622,0.5202416910249539,CRISPRa_2x
V3,5,production,2.0,4096,214,2980,2785,2785,707390,0.0,all,True,0.0,1.8279543883026594,1.9999950282390198,2.0348398515308728,-7.521982380404325,-0.8269470449539394,-0.027653985052962803,-3.157196726277789e-16,0.02837107867561057,0.8453641360503757,8.36690295692663,1.2775971340861503e-06,0.028009435051040296,0.15104201897780137,2.2851119089696543,11.090391003906435,0.1386971826008284,0.3353680430879713,0.06046452451971331,0.20430879712746858,0.0268168902585561,0.12064631956912028,0.017966044190616207,0.0807899461400359,0.056649090317929286,0.7278738777621065,CRISPRa_2x
V3,5,production,2.0,4096,214,2980,2785,2785,580566,0.0001,wt,True,0.0,1.8279543883026594,1.9999950282390198,2.0348398515308728,-5.630368961854963,-0.549835748763064,-0.016640167049796924,-2.220446049250313e-16,0.017417187669149237,0.5756358846294439,6.434151347305408,6.468342710341801e-07,0.017017073118268777,0.09788030919309641,1.6001760051391287,8.196563745795745,0.11876685854838209,0.32064631956912026,0.04948619106182588,0.19245960502693,0.021375691997120052,0.10987432675044884,0.014046637247100244,0.07612208258527828,0.04225014899253487,0.5493830759962394,CRISPRa_2x
V3,5,production,2.0,4096,214,2980,2785,2785,577120,0.0001,all,False,0.0,1.8279543883026594,1.9999950282390198,2.0348398515308728,-4.627634753950392,-0.4337973323910235,-0.014444360186534081,-2.7755575615628914e-16,0.014511739334629063,0.4332994502184661,4.540804275432689,5.767156767699788e-07,0.014468777070204669,0.08091031832755076,1.2019323534636808,6.264559527940519,0.11319482949819795,0.31885098743267504,0.04503742722484059,0.19030520646319568,0.01833587468810646,0.10771992818671454,0.011593775991128362,0.07289048473967684,0.040281050734682564,0.39890548442093693,CRISPRa_2x
V3,5,production,10.0,4096,207,2999,2515,2515,485050,0.0001,all,True,0.0,7.220279765926628,9.999999029919607,11.53768596310327,-10.124649899649066,-4.3321018056708915,-0.42084305723851795,-3.913536161803677e-15,0.39073608147855016,4.501893004263817,10.744633834277698,1.179375025670698e-05,0.40530896703634567,1.8589339232348014,6.546346642178767,11.702116214173445,0.23877950726729202,0.4783300198807157,0.14841768889805174,0.39165009940357853,0.09338624884032574,0.3125248508946322,0.07172868776414802,0.273558648111332,0.13423770745283992,1.200738375309908,CRISPRa_10x
V3,5,production,10.0,4096,207,2999,2515,2515,548043,1e-06,all,True,0.0,7.220279765926628,9.999999029919607,11.53768596310327,-14.061521149563315,-5.807027285412207,-0.6685078187338382,-5.731526364627371e-15,0.6166121763537893,6.058096536154734,14.39794541971094,1.9815111234500193e-05,0.6464548136897598,2.568327605888463,8.549434324475945,16.169937692762378,0.25878808779603063,0.48628230616302187,0.16643584536249892,0.4003976143141153,0.10816304560043646,0.31888667992047715,0.0854148305881108,0.2791252485089463,0.15279457998733675,1.622773671789218,CRISPRa_10x
V3,5,production,10.0,4096,207,2999,2515,2515,638810,0.0,all,True,0.0,7.220279765926628,9.999999029919607,11.53768596310327,-32.29773057412425,-9.935213896375009,-1.4537038402738318,-3.774758283725532e-15,1.4486742124899787,11.106820323794535,36.59222774056423,4.87144390151073e-05,1.450904643720006,4.620445971691975,16.612523739606328,41.75243640332579,0.29482475227375904,0.5081510934393638,0.2011067453546438,0.4147117296222664,0.1392213647250356,0.3343936381709742,0.11439551666379674,0.2934393638170974,0.18257854448114463,3.509364779186365,CRISPRa_10x
V3,5,production,10.0,4096,207,2999,2515,2515,524354,0.0001,wt,True,0.0,7.220279765926628,9.999999029919607,11.53768596310327,-28.00925871520903,-6.777252351652518,-0.8181999807113367,-4.996003610813204e-16,1.1128873328144226,9.436220297785678,34.029013306839495,2.470944403820674e-05,0.9623804338938668,3.402901135699872,12.765228585234418,39.06336969663176,0.27105161780018844,0.4815109343936382,0.17972209614115656,0.3940357852882704,0.1219309855555598,0.31888667992047715,0.09868523936119492,0.28071570576540755,0.15329338576610457,2.9859272398743197,CRISPRa_10x
V3,5,production,10.0,4096,207,2999,2515,2515,488706,0.0001,all,False,0.0,7.220279765926628,9.999999029919607,11.53768596310327,-10.122069891078025,-4.317446413924454,-0.4208522652091584,-3.913536161803677e-15,0.3889889410851666,4.496121308484659,10.74306461153078,1.2049933105749006e-05,0.4044005774694782,1.8524019584420872,6.536637625388529,11.694725587075398,0.23926246045679816,0.4783300198807157,0.14850032534898283,0.39165009940357853,0.09331991013001682,0.3129224652087475,0.07164839392190805,0.273558648111332,0.1359692739602133,1.1991142635494372,CRISPRa_10x
V3,5,transgene,10.0,4096,219,3371,2955,2955,566237,0.0001,all,True,0.0,9.316888758262706,9.999979967465071,10.060256403335744,-9.98168084208703,-4.409380869110427,-0.38803075411981336,-6.772360450213455e-15,0.4024884451662764,4.632407130469381,10.883612626572177,1.5936278729394848e-05,0.3956128897187394,1.854427546207204,6.6465740080544435,11.892416192821319,0.2449221792288388,0.46294416243654823,0.14920960657816426,0.3756345177664975,0.09267497531952168,0.28426395939086296,0.07085548983906033,0.24196277495769883,0.13752721916794558,1.219799969214259,OE_10x
V3,5,transgene,10.0,4096,219,3371,2955,2955,641530,1e-06,all,True,0.0,9.316888758262706,9.999979967465071,10.060256403335744,-13.16857699112531,-5.695655861051418,-0.5897280473989186,-9.204442763532938e-15,0.6271755218458306,6.269490486569766,14.632644159360755,2.6234908022892967e-05,0.6075964998293731,2.577143437587184,8.439715415044972,15.873049369407449,0.2642666749801256,0.4666666666666667,0.16615746730472464,0.38003384094754655,0.10626003460477297,0.2876480541455161,0.08362352501052173,0.24534686971235195,0.15838698112325222,1.609085355601513,OE_10x
V3,5,transgene,10.0,4096,219,3371,2955,2955,750570,0.0,all,True,0.0,9.316888758262706,9.999979967465071,10.060256403335744,-19.97970781636378,-8.195094592435956,-1.1554264949395796,-4.274358644806853e-15,1.35213356444684,9.837636216421792,25.50849990171677,5.9569445896457546e-05,1.2537212471623536,4.258912698357526,12.886566395192771,27.207082089340375,0.29747791678324476,0.47377326565143824,0.19797753707182542,0.38781725888324875,0.1332827051440905,0.30084602368866326,0.10848022169817605,0.2609137055837564,0.19279480927828183,2.5943549365226937,OE_10x
V3,5,transgene,10.0,4096,219,3371,2955,2955,615976,0.0001,wt,True,0.0,9.316888758262706,9.999979967465071,10.060256403335744,-13.39895087102946,-5.674477789628007,-0.6417311402515916,0.0,1.1519721200526938,9.041225661591218,24.844066798480743,3.218294581120926e-05,0.8667729383999043,3.2490466943982437,10.582507243177245,25.322078204858126,0.27541008091224334,0.46632825719120136,0.17832837643025054,0.38071065989847713,0.11840396379079704,0.28967851099830794,0.09501993584165618,0.2470389170896785,0.1593406236606621,2.2070331050380907,OE_10x
V3,5,transgene,10.0,4096,219,3371,2955,2955,570644,0.0001,all,False,0.0,9.316888758262706,9.999979967465071,10.060256403335744,-9.976533403996745,-4.392181603813277,-0.403345818743915,-7.271960811294775e-15,0.4122421415133746,4.673263375553319,10.934662014540297,1.656004449061138e-05,0.40692498685936224,1.888380323959728,6.651350636380956,11.902414900770816,0.24637251946923125,0.5445008460236886,0.15036169660944476,0.4751269035532995,0.09355570197881692,0.4077834179357022,0.0716015589404252,0.3678510998307953,0.13787580347817555,1.223416787274101,OE_10x
V3,5,transgene,30.0,4096,217,3411,2902,2902,535343,0.0001,all,True,0.0,29.054878167567065,29.99999919187908,30.103713476376864,-11.161159182084067,-5.62812770895596,-1.093008000437892,-2.259650799807389e-14,1.1797622174967186,5.855376400226316,11.491234042125761,8.530536717543669e-05,1.1354044944896622,3.010493451008925,7.728713463972747,12.431476254533063,0.3035586530504742,0.5423845623707788,0.20660959422276934,0.4383184011026878,0.13613328277384779,0.3783597518952447,0.10611888079231446,0.333907649896623,0.1914809757482586,1.489272248722806,OE_30x
V3,5,transgene,30.0,4096,217,3411,2902,2902,606881,1e-06,all,True,0.0,29.054878167567065,29.99999919187908,30.103713476376864,-14.745636796037893,-7.147094463414794,-1.5190847838373172,-2.9531932455029164e-14,1.656786114312494,7.631639967252135,15.192783637472257,0.0001407044678272129,1.5854010875055078,3.9361154820404347,9.904977516939761,16.83602237681237,0.32349010761582586,0.5451412818745692,0.22633597031378475,0.4407305306685045,0.15416696189203485,0.3835286009648518,0.12305213048357092,0.3383873190902826,0.21612968605047778,1.9548652541045528,OE_30x
V3,5,transgene,30.0,4096,217,3411,2902,2902,737108,0.0,all,True,0.0,29.054878167567065,29.99999919187908,30.103713476376864,-29.278319455782857,-11.333150724356898,-2.579491676763239,-6.106226635438361e-16,3.8847783962815137,20.591656924867344,75.84544261400026,0.00038991905963392526,3.192672415722807,7.260543644805094,24.711537686410082,76.24979119394939,0.3660616897388171,0.5616815988973122,0.27040406561860675,0.4510682288077188,0.19712443766720752,0.40696071674707096,0.16484422906819624,0.37181254307374223,0.2568361759742127,6.016585529107807,OE_30x
V3,5,transgene,30.0,4096,217,3411,2902,2902,604913,0.0001,wt,True,0.0,29.054878167567065,29.99999919187908,30.103713476376864,-20.409294318041756,-7.3940457800435695,-1.5978330777951828,0.0,3.3444579065897275,17.360673285749357,72.7148327702723,0.00021268276285857368,2.3404950979069925,5.742391303837984,19.57295824596612,72.87068658012629,0.34317000957162436,0.5458304617505169,0.2476405698009466,0.44176430048242593,0.17639230765415853,0.39007580978635426,0.14549364950001076,0.3507925568573398,0.22089953431319875,5.342338973097838,OE_30x
V3,5,transgene,30.0,4096,217,3411,2902,2902,539591,0.0001,all,False,0.0,29.054878167567065,29.99999919187908,30.103713476376864,-11.14949810566813,-5.608456037824123,-1.1129539359238372,-2.4792667918660527e-14,1.1921919585715177,5.890293767692799,11.492656026115093,8.832672155766053e-05,1.1509939487349576,3.0379198425585026,7.7371059182548105,12.433753113234863,0.3048901853440847,0.5975189524465886,0.20771102557307294,0.5213645761543763,0.13701118069056006,0.47450034458993795,0.10687539265851358,0.4410751206064783,0.19193796783119066,1.4935275787848534,OE_30x
