network,condition,common_pairs,common_readouts,readouts_nonadditive_pct,pairs_any_nonadditive_pct
V1,KO,4096,1032398,0.11516876243464245,1.7333984375
V1,KD_90pct,4096,1032398,0.08669137290076114,1.416015625
V1,KD_50pct,4096,1032398,0.011042253084566224,0.3662109375
V1,CRISPRa_2x,4096,1032398,0.05278971869375958,1.123046875
V1,CRISPRa_10x,4096,1032398,0.6877192710563175,7.7392578125
V1,OE_10x,4096,1032398,0.562089426752086,5.5908203125
V1,OE_30x,4096,1032398,1.0763290901377183,8.3251953125
V3,KO,1038,207852,0.44599041625772184,2.697495183044316
V3,KD_90pct,1038,207852,0.39162480996093374,2.697495183044316
V3,KD_50pct,1038,207852,0.1910012893789812,1.4450867052023122
V3,CRISPRa_2x,1038,207852,0.3925870330812309,2.601156069364162
V3,CRISPRa_10x,1038,207852,2.4334622712314533,12.138728323699421
V3,OE_10x,1038,207852,1.3726112811038624,8.188824662813103
V3,OE_30x,1038,207852,3.5130766122048382,14.547206165703274
