version,seed,converged,max_real_eigenvalue,functional_edges,regulators,wt_above_floor
V1,42,True,-0.37506697483472656,820,120,256
V1,5,True,-0.138105444196886,864,118,256
V1,7,True,-0.31925613168075573,738,114,256
V3,0,False,0.055329228349111956,13104,253,218
V3,1,False,-0.13386556450688786,10934,249,216
V3,2,False,-0.0723173768742894,11517,247,211
V3,3,True,-0.026520737355544763,10399,250,211
V3,4,False,0.24108567821533716,11197,249,230
V3,5,True,-0.0920015845810773,10436,251,210
V3,6,False,0.40084127485409493,11428,251,217
V3,7,True,-0.1213530620661948,12188,252,216
V3,8,False,-0.0403299192222581,11862,246,209
V3,9,True,-0.0925332588836299,10771,245,200
