network,seed,mechanism,dose,n_pairs,n_single_converged,n_double_converged,n_valid_pairs,n_eligible_pairs,n_readouts,expression_floor,floor_policy,exclude_targets,target_cap_fraction,achieved_fold_p10,achieved_fold_p50,achieved_fold_p90,residual_p0.1,residual_p1,residual_p5,residual_p50,residual_p95,residual_p99,residual_p99.9,abs_residual_p50,abs_residual_p90,abs_residual_p95,abs_residual_p99,abs_residual_p99.9,readout_gt_0.01,pair_any_gt_0.01,readout_gt_0.1,pair_any_gt_0.1,readout_gt_0.5,pair_any_gt_0.5,readout_gt_1,pair_any_gt_1,linear_readout_gt_0.1,log_additive_rmse,shared_downstream_n,shared_downstream_gt_0.1,shared_effective_n,shared_effective_gt_0.1,no_shared_path_any_gt_0.1,condition
V1,42,production,10.0,4096,256,4096,4096,4096,1037051,0.0001,all,True,0.0,9.995536841588663,9.999999982505074,10.08674035977335,-0.3760759556487005,-0.0164285567896087,-3.6979357354027798e-09,4.423306165790564e-11,6.892015846915456e-09,0.0170359805953957,0.3828039969094354,8.525709027651374e-10,6.489484061233952e-09,0.0004562193843584,0.0638388357263127,0.6579968572703221,0.0243286010041936,0.13818359375,0.0072725449375199,0.086181640625,0.0014271236419423,0.0380859375,0.0005342070929973,0.0234375,0.0057480297497422,0.0578065408569981,93460,0.0806976246522576,8179,0.6283164201002568,0,CRISPRa_10x
V1,42,production,1.25,4096,256,4096,4096,4096,1040381,0.0001,all,True,0.0,1.2499750662767406,1.2499999973795557,1.2505583271305087,-0.0032467496640507,-5.993264042176704e-05,-3.3418703360155173e-09,4.423306165790564e-11,6.489484061233952e-09,6.240770246774797e-05,0.0033182483935647,8.090230707580304e-10,4.390354746419689e-09,1.452903764145863e-06,0.000302722310023,0.006300628210497,0.000525768925038,0.01171875,4.805931673108217e-06,0.00048828125,0.0,0.0,0.0,0.0,1.2495422350081364e-05,0.0006830412992494,94541,5.288710718101141e-05,204,0.0196078431372549,0,CRISPRa_1p25x
V1,42,production,2.0,4096,256,4096,4096,4096,1040138,0.0001,all,True,0.0,1.9999394459955555,1.999999995867596,2.0033952324667315,-0.0406211823568262,-0.0008533521829405,-3.696193573432538e-09,4.423306165790564e-11,6.888772219326711e-09,0.0008527806553162,0.0401482623364098,8.525709027651374e-10,5.179042084080265e-09,1.8551465797328103e-05,0.0040554208388589,0.0750096793825896,0.0059088313281506,0.06201171875,0.0007037527712668,0.01416015625,4.807054448544328e-05,0.001708984375,1.0575519786797522e-05,0.00048828125,0.0005201232913324,0.008840509012022,94457,0.0077495579999364,1506,0.3087649402390438,0,CRISPRa_2x
V1,42,production,5.0,4096,256,4096,4096,4096,1038781,0.0001,all,True,0.0,4.998609332774633,4.999999990793603,5.032485424695863,-0.2042847070820489,-0.0065487545443304,-3.6979357354027798e-09,4.423306165790564e-11,6.892015846915456e-09,0.0067108015789791,0.2065063005285758,8.525709027651374e-10,6.489484061233952e-09,0.0001567034486598,0.029245359685096,0.3569873058520386,0.0168948026581156,0.115966796875,0.0042347713329373,0.0595703125,0.0006517254358714,0.0234375,0.000213712033624,0.012939453125,0.0032509258448123,0.0352283190370753,93985,0.0468053412778634,4986,0.566987565182511,0,CRISPRa_5x
V1,42,production,0.75,4096,256,4096,4096,4096,1040384,0.0001,all,True,0.0,0.7496456447369152,0.7500000015521474,0.7500151115375808,-0.0036187120335243,-6.585167807250158e-05,-3.3418703360155173e-09,4.423306165790564e-11,6.489484061233952e-09,6.68764662023885e-05,0.0038039888913026,8.094040993000816e-10,4.390354746419689e-09,1.625900014187713e-06,0.0003367769166674,0.0071313399497168,0.0006507212721456,0.01220703125,1.3456569881889764e-05,0.00048828125,0.0,0.0,0.0,0.0,2.0184854822834647e-05,0.0009418516236336,94544,0.0001480792012184,234,0.0512820512820512,0,KD_25pct
V1,42,production,0.5,4096,256,4096,4096,4096,1040384,0.0001,all,True,0.0,0.4995173563608572,0.5000000007886527,0.5000202248272552,-0.0157042085492215,-0.0002717166530345,-3.696193573432538e-09,4.423306165790564e-11,6.492538062730091e-09,0.0002751494156876,0.0163730045487746,8.521685579410131e-10,4.885653659414402e-09,6.761330750881773e-06,0.001417596455221,0.0307616910498733,0.0028537539985236,0.035888671875,0.0001826248769685,0.004638671875,6.728284940944882e-06,0.000732421875,9.61183562992126e-07,0.000244140625,0.0001739742249015,0.0037838138984272,94544,0.0020096463022508,792,0.1944444444444444,0,KD_50pct
V1,42,production,0.1,4096,256,4096,4096,4096,1040384,0.0001,all,True,0.0,0.0998223837862449,0.1000000001580355,0.1000073301454824,-0.0548435149958418,-0.0009269578862965,-3.6979357354027798e-09,4.423306165790564e-11,6.8887731075051314e-09,0.0008981398633988,0.0551207199933369,8.525709027651374e-10,5.179042084080265e-09,2.2903122494473377e-05,0.004809877253746,0.1081764692118705,0.006591796875,0.06298828125,0.001090943343996,0.015380859375,0.000118225578248,0.003173828125,3.075787401574803e-05,0.00146484375,0.0008612204724409,0.012313673111253,94544,0.0120049923844982,1706,0.5146541617819461,0,KD_90pct
V1,42,production,0.01,4096,256,4096,4096,4096,1040384,0.0001,all,True,0.0,0.0099804924489424,0.0100000000947629,0.0100008077453391,-0.0680144301594088,-0.001134597336351,-3.6979357354027798e-09,4.423617028237459e-11,6.892015846915456e-09,0.0010882039849217,0.0673056213040546,8.525709027651374e-10,5.179042084080265e-09,2.772192240561001e-05,0.0058266942335364,0.1317176528606332,0.0074472502460629,0.06689453125,0.0013812207800196,0.01953125,0.0001691683070866,0.004638671875,3.940852608267716e-05,0.00146484375,0.001092865711122,0.0149334070869154,94544,0.0151992722964968,1885,0.5787798408488064,0,KD_99pct
V1,42,clamp,0.0,4096,256,4096,4096,4096,1040384,0.0001,all,True,0.0,0.0,0.0,0.0,-0.069537334676863,-0.0011590699574204,-2.019385547669117e-09,0.0,3.4054381536918754e-09,0.0011111969820952,0.0685378961982355,0.0,2.989627656546645e-09,2.829269556596792e-05,0.0059424088124694,0.1343908913882179,0.0075289508489173,0.067626953125,0.0014148622047244,0.02001953125,0.0001710906742125,0.004638671875,4.229207677165354e-05,0.001708984375,0.0011140117495078,0.0152370945355894,94544,0.015569470299543,1901,0.5833771699105734,0,KO
V1,42,transgene,10.0,4096,256,4096,4096,4096,1037278,0.0001,all,True,0.0,9.999553669281298,9.999999990356155,10.0086738780073,-0.2739566724729518,-0.0119135953005005,-3.6979357354027798e-09,4.423306165790564e-11,6.892015846915456e-09,0.0135397438432665,0.284020258604983,8.525709027651374e-10,6.489484061233952e-09,0.000328246725484,0.0494841919160149,0.4901473848139262,0.0219410804046745,0.10888671875,0.0059106623296743,0.057373046875,0.000971774201323,0.023681640625,0.000321996610359,0.013427734375,0.0048415178958774,0.0413290463435334,93519,0.0655588703899742,8628,0.5767269355586463,0,OE_10x
V1,42,transgene,2.0,4096,256,4096,4096,4096,1040138,0.0001,all,True,0.0,1.9999697220825587,1.9999999961249424,2.001694970533423,-0.0249289378709946,-0.0005975668230968,-3.696193573432538e-09,4.423306165790564e-11,6.888772219326711e-09,0.0006256976363626,0.0233622896130145,8.525709027651374e-10,5.179042084080265e-09,1.3942598573898754e-05,0.0026394900019043,0.0457695005216793,0.0042205938058219,0.0341796875,0.0003384166331775,0.007568359375,1.3459752455924118e-05,0.000244140625,2.8842326691265968e-06,0.000244140625,0.0003682203707584,0.0052193790448465,94457,0.0037265634098055,1591,0.1640477686989314,0,OE_2x
V1,42,transgene,30.0,4096,256,4096,4096,4096,1032405,0.0001,all,True,0.0,29.99917636689289,29.99999996966983,30.01675551812052,-0.543367951571666,-0.0323597409140417,-3.6979357354027798e-09,4.423306165790564e-11,6.892015846915456e-09,0.0348846190452462,0.5693888331189858,8.521685579410131e-10,5.179416451284169e-09,0.0009674265275121,0.1103731958906799,0.9206406957615668,0.0311360367297717,0.128173828125,0.0107670923716952,0.083251953125,0.0022558976370707,0.04541015625,0.0008785311965749,0.02587890625,0.008794998086991,0.0730833167344223,92280,0.1204594711746857,12893,0.6750950127976422,0,OE_30x
V1,42,clamp,0.1,4096,256,4096,4096,4096,1040384,0.0001,all,True,0.0,0.1,0.1,0.1,-0.05949914972935,-0.0009699663677752,-2.010987154577037e-09,0.0,3.4054381536918754e-09,0.0009535727923635,0.0588849875933853,0.0,2.934041454238922e-09,2.3749516843252044e-05,0.0050893352856221,0.1188138893292976,0.0068868802288385,0.064453125,0.0012293537770669,0.016845703125,0.0001259150467519,0.00341796875,3.1719057578740155e-05,0.00146484375,0.0009448434424212,0.0131177589957336,94544,0.0135280927398883,1708,0.5679156908665105,0,clamp_0p1x
V1,42,clamp,0.5,4096,256,4096,4096,4096,1040384,0.0001,all,True,0.0,0.5,0.5,0.5,-0.0288485613824001,-0.000415340756407,-1.9521240179898314e-09,0.0,3.374069468264906e-09,0.0004050634567129,0.0302418895347704,0.0,2.692753575672668e-09,9.1466752432101e-06,0.0022201672756338,0.0594614919252544,0.0042503537155511,0.046630859375,0.000483475332185,0.00927734375,2.9796690452755907e-05,0.00146484375,2.883550688976378e-06,0.000244140625,0.0003296859621062,0.0066172080882198,94544,0.0053202741580639,819,0.4847374847374847,0,clamp_0p5x
V1,42,clamp,10.0,4096,256,4096,4096,4096,1037169,0.0001,all,True,0.0,10.0,10.0,10.0,-0.286568820851691,-0.0123901068780664,-2.019385547669117e-09,0.0,3.599697429024218e-09,0.0143366460224246,0.30547186398632,0.0,3.132114123616247e-09,0.0003481103583496,0.0524704005446694,0.5235369220950865,0.0223849729407647,0.118896484375,0.0062082457150184,0.0625,0.0010441885555777,0.025390625,0.000379880231669,0.01513671875,0.0049664037394098,0.0450431886328877,93498,0.0688677832680913,8679,0.603064869224565,0,clamp_10x
V1,42,clamp,2.0,4096,256,4096,4096,4096,1040168,0.0001,all,True,0.0,2.0,2.0,2.0,-0.0505454716466055,-0.0009683670639242,-1.953185169156768e-09,0.0,3.4070422039178543e-09,0.0010709816026425,0.0480215150331388,0.0,2.934041454238922e-09,2.1559514107171705e-05,0.0046621099039363,0.0946788083303598,0.0064210781335322,0.062255859375,0.0009354258158297,0.01416015625,6.729682128271587e-05,0.001953125,1.7304896901269795e-05,0.000732421875,0.00066719991386,0.0103528727742525,94467,0.0102998930843575,1675,0.4501492537313433,0,clamp_2x
V1,42,clamp,30.0,4096,256,4096,4096,4096,1032331,0.0001,all,True,0.0,30.0,30.0,30.000000000000004,-0.5428432301275554,-0.0323555547247276,-2.0111325937932634e-09,0.0,3.5787941499165754e-09,0.0348079354864726,0.5717873207083994,0.0,3.035028228737246e-09,0.0009765863443112,0.109861349390602,0.9221533085474712,0.031173141172744,0.13134765625,0.0107262108761627,0.0849609375,0.0022609027530898,0.046630859375,0.0008873123058398,0.026611328125,0.0087675367687301,0.0742763999101287,92273,0.120002600977534,12928,0.6811571782178217,0,clamp_30x
V1,42,promoter,10.0,4096,256,4096,4096,4096,1040181,0.0001,all,True,0.625,1.6447369328955728,5.809700405865744,9.99999999553604,-0.1370125929203329,-0.0045116418857606,-3.6979357354027798e-09,4.423617028237459e-11,6.892015846915456e-09,0.0048781150565336,0.127751107995909,8.525709027651374e-10,6.489484061233952e-09,0.0001221162446575,0.0190446403005987,0.2370347108992389,0.0142013745684645,0.1064453125,0.0027226030854245,0.04248046875,0.0002999477975467,0.01220703125,6.441186678087756e-05,0.0048828125,0.0022890246985861,0.0195337582863571,94497,0.029969205371599,4163,0.4768196012490992,0,promoter_10x
V1,42,promoter,2.0,4096,256,4096,4096,4096,1040325,0.0001,all,True,0.15234375,1.6447369328955728,1.9999999918623188,2.000594884186313,-0.0164102029874052,-0.0004962111150063,-3.696193573432538e-09,4.423617028237459e-11,6.888772219326711e-09,0.0005114663775797,0.0162801061290175,8.521685579410131e-10,5.179042084080265e-09,1.3156460535412742e-05,0.0021959042916963,0.0287483561787664,0.0033287674524787,0.043212890625,9.420133131473338e-05,0.0068359375,1.922476149280273e-06,0.000244140625,0.0,0.0,0.0001115036166582,0.0025715099739061,94529,0.0010367188904992,696,0.1048850574712643,0,promoter_2x
V3,5,production,10.0,4096,207,2999,2515,2515,485050,0.0001,all,True,0.0,7.220279765926628,9.999999029919609,11.53768596310327,-10.124649899649066,-4.332101805670892,-0.4208430572385179,-3.913536161803677e-15,0.3907360814785501,4.501893004263817,10.744633834277698,1.179375025670698e-05,0.4053089670363456,1.8589339232348012,6.546346642178767,11.702116214173444,0.238779507267292,0.4783300198807157,0.1484176888980517,0.3916500994035785,0.0933862488403257,0.3125248508946322,0.071728687764148,0.273558648111332,0.1342377074528399,1.200738375309908,457994,0.1571854653117726,47816,0.9404383469968212,0,CRISPRa_10x
V3,5,production,1.25,4096,236,3478,3409,3409,708333,0.0001,all,True,0.0,1.2040924223211926,1.2499921447800215,1.2559752151792782,-0.6043467863318843,-0.0633808479640123,-0.0030757885627906,-2.7755575615628914e-16,0.0032125375165553,0.0646438515074455,0.5698512491729243,1.366169506411552e-07,0.0031462347796017,0.0155364578234338,0.1424134592177311,0.9851438457868388,0.0623774411187958,0.2326195365209739,0.0137491829407919,0.1047227926078028,0.0024296482021873,0.0316808448225286,0.000978353401578,0.0137870343209152,0.0116851819694973,0.0979692662435982,676713,0.0143916254010193,14328,0.3948911222780569,0,CRISPRa_1p25x
V3,5,production,2.0,4096,214,2980,2785,2785,572873,0.0001,all,True,0.0,1.8279543883026597,1.99999502823902,2.0348398515308728,-4.639322291745149,-0.4383749845396583,-0.0144028570439468,-2.7755575615628914e-16,0.0144480576459671,0.4365475595442027,4.543834127693511,5.608380104424326e-07,0.0144304665715881,0.081152553559086,1.208367713081449,6.276134177096577,0.1129971215260624,0.318850987432675,0.0451199480513132,0.1903052064631956,0.0184264226102469,0.1077199281867145,0.0116517971697042,0.0728904847396768,0.0393682369390772,0.4000029635934694,544509,0.0474702897472769,20824,0.746494429504418,0,CRISPRa_2x
V3,5,production,5.0,4096,199,2794,2363,2363,474164,0.0001,all,True,0.0,4.343411409379986,4.999995530257947,5.180055906600425,-8.272385641536236,-2.3209593456110102,-0.0788812351845053,-1.0824674490095276e-15,0.0709879651549853,2.341524505527365,8.572826870103443,2.0159180876833105e-06,0.0750202770201989,0.5105185416912926,4.146002852263095,9.931627335414,0.169711323508322,0.3838341091832416,0.0912637821513231,0.2801523487092678,0.0504572257699867,0.2010156580617858,0.0365021385006031,0.1629284807448159,0.0817712858842088,0.8115602763406181,447761,0.0966453085463003,30351,0.8913050640835557,0,CRISPRa_5x
V3,5,production,0.75,4096,230,3345,3272,3272,680010,0.0001,all,True,0.0,0.7451994969342803,0.7500014287232405,0.7771134092754589,-1.100594468301152,-0.068301817809214,-0.0029612065243751,-2.7755575615628914e-16,0.0029288762214432,0.0681205740275401,0.9626700980252026,1.0889175254547025e-07,0.0029415496571549,0.0154565924744238,0.158259572268979,2.1221432272417693,0.0615138012676284,0.2276894865525672,0.0148747812532168,0.1017726161369193,0.0036352406582256,0.0342298288508557,0.0020734989191335,0.015281173594132,0.0126248143409655,0.1626529993434592,648204,0.0156046553245583,13673,0.4258026768083083,0,KD_25pct
V3,5,production,0.5,4096,222,3186,3052,3052,631376,0.0001,all,True,0.0,0.4935584960909644,0.5000014599046261,0.53288324866682,-3.338078486240708,-0.2349533885560491,-0.0082891356091417,0.0,0.0080865289714229,0.2369257346065955,3.65189350225778,2.7346895814517325e-07,0.0081821188699686,0.0455320231879399,0.6692392672572216,5.253198008358639,0.0933880920402422,0.2801441677588466,0.0333414637236765,0.1507208387942332,0.0121781632497909,0.0786369593709043,0.0073537796812042,0.0520969855832241,0.0293992803020704,0.3161372741877707,600507,0.0350553782054164,18967,0.6752781146201297,0,KD_50pct
V3,5,production,0.1,4096,212,2979,2733,2733,561938,0.0001,all,True,0.0,0.0947558471058325,0.1000000054542479,0.111161015302052,-5.586279780975777,-0.5531576252216603,-0.0150375752720365,0.0,0.013776425583137,0.5430360872416069,5.135456317610312,4.111000215800687e-07,0.014431602547721,0.0893382874324671,1.5546345659350211,6.934271575800054,0.1122490381501162,0.3062568605927552,0.0473949083350832,0.1888035126234906,0.0211179881054493,0.1072081961214782,0.0139997650986407,0.0764727405781192,0.0424762162373785,0.4562115048565193,532814,0.0499855484277815,19990,0.7949474737368685,0,KD_90pct
V3,5,production,0.01,4096,215,3033,2805,2805,575877,0.0001,all,True,0.0,0.0094932238550336,0.0100000218076975,0.0119713399603024,-6.180327727791133,-0.8640691223436017,-0.0218209989414439,0.0,0.0193716040780142,0.8884078164553616,5.995291116608033,5.865826100742363e-07,0.020554677992796,0.1334912081244397,2.154694874406881,7.576766357822895,0.1241897141229811,0.3229946524064171,0.0564651826692158,0.2039215686274509,0.0274607251201211,0.1265597147950089,0.0183476679916023,0.0916221033868092,0.0507295828796774,0.5309987051338276,546561,0.0594938167926361,24033,0.8228269462821953,0,KD_99pct
V3,5,clamp,0.0,4096,215,3020,2786,2786,571471,0.0001,all,True,0.0,0.0,0.0,0.0,-6.096900742340066,-0.8285047682233151,-0.020891827246698,0.0,0.0188976344231117,0.8798888343001531,5.978082259677773,5.563049424450739e-07,0.0198329279944582,0.1296030502256548,2.128272632192389,7.564376339187475,0.1230998598354072,0.3208901651112706,0.0557683591993294,0.2006460875807609,0.0269987453431582,0.1249102656137832,0.0180516596642699,0.0904522613065326,0.0498835461466986,0.5239004442153349,542350,0.0587627915552687,23289,0.8205161234917773,0,KO
V3,5,transgene,10.0,4096,219,3371,2955,2955,566237,0.0001,all,True,0.0,9.316888758262706,9.999979967465071,10.060256403335744,-9.98168084208703,-4.409380869110427,-0.3880307541198133,-6.772360450213455e-15,0.4024884451662764,4.632407130469381,10.883612626572177,1.5936278729394848e-05,0.3956128897187394,1.854427546207204,6.646574008054444,11.89241619282132,0.2449221792288388,0.4629441624365482,0.1492096065781642,0.3756345177664975,0.0926749753195216,0.2842639593908629,0.0708554898390603,0.2419627749576988,0.1375272191679455,1.219799969214259,536980,0.1573391932660434,68371,0.9205218586827748,0,OE_10x
V3,5,transgene,2.0,4096,214,3008,2788,2788,573635,0.0001,all,True,0.0,1.8999026922023128,1.9999989303744303,2.0232398187345635,-4.458808360653867,-0.3643375350185051,-0.0119929078696765,-8.881784197001252e-16,0.011877047543395,0.3800378054471395,4.537712869840827,4.292806146388717e-07,0.0119471685832261,0.0682044434614565,1.0625267206088524,6.25029075260721,0.1061319480157242,0.2923242467718794,0.0416867868941051,0.1718077474892396,0.016693542060718,0.0925394548063127,0.0104735589704254,0.0652797704447632,0.0379317858917255,0.3900964806820646,546090,0.0437894852496841,21473,0.7175057048386345,0,OE_2x
V3,5,transgene,30.0,4096,217,3411,2902,2902,535343,0.0001,all,True,0.0,29.054878167567065,29.99999919187908,30.103713476376864,-11.161159182084068,-5.62812770895596,-1.093008000437892,-2.2596507998073892e-14,1.1797622174967186,5.855376400226316,11.49123404212576,8.530536717543669e-05,1.1354044944896622,3.010493451008925,7.728713463972747,12.431476254533065,0.3035586530504742,0.5423845623707788,0.2066095942227693,0.4383184011026878,0.1361332827738477,0.3783597518952447,0.1061188807923144,0.333907649896623,0.1914809757482586,1.489272248722806,507970,0.2177431738094769,91953,0.944504257609866,0,OE_30x
V3,5,clamp,0.1,4096,212,2971,2729,2729,561297,0.0001,all,True,0.0,0.1,0.1,0.1,-5.237134422141716,-0.6020263447155235,-0.0167300378967661,0.0,0.015174391533591,0.6222744234277078,5.279044183862373,4.424268259528575e-07,0.0159222947323614,0.0988302190735522,1.625022725048002,6.818248202425002,0.1155146027860473,0.3111029681201905,0.0497633160341138,0.1916452913155001,0.0223535846441367,0.1135947233418834,0.0146161479573202,0.0831806522535727,0.0445967108322332,0.4535194229716585,532363,0.0524679588927104,20014,0.8055860897371839,0,clamp_0p1x
V3,5,clamp,0.5,4096,218,3113,2945,2945,609962,0.0001,all,True,0.0,0.5,0.5,0.5,-2.7471215108606657,-0.2269097825516513,-0.0090191322963121,0.0,0.0086919897544604,0.2306828244715445,3.0372051406703964,3.084059085611824e-07,0.0088517877753781,0.0485196627800043,0.5941371895958539,4.488146056936712,0.095910892809716,0.2845500848896434,0.0339021119348418,0.1616298811544991,0.0114416963679704,0.0828522920203735,0.0064971260504752,0.0522920203735144,0.0291362412740465,0.2805092981791596,580082,0.0356484083284776,17205,0.6975297878523685,0,clamp_0p5x
V3,5,clamp,10.0,4096,225,3427,3055,3055,584246,0.0001,all,True,0.0,10.0,10.0,10.0,-10.291657323502545,-4.630340872254995,-0.5885010141549294,0.0,0.6115373666084205,4.81454887623071,10.8735167953294,3.0310281101009195e-05,0.6002621430204599,2.136032848222692,6.805235929571731,11.984564680334552,0.2712436199819938,0.5076923076923077,0.1710940254618773,0.423240589198036,0.1065253335067762,0.3391162029459901,0.0808169846263389,0.2932896890343698,0.1558008099328023,1.2705552035470573,554399,0.1803051592805903,73558,0.9288860491041084,0,clamp_10x
V3,5,clamp,2.0,4096,214,3015,2752,2752,565781,0.0001,all,True,0.0,2.0,2.0,2.0,-5.1093373939557925,-0.591493210802944,-0.0166773896642247,0.0,0.016587716735039,0.6420905949801151,5.352248521676689,5.997591649986589e-07,0.0166381187448996,0.0996352836187863,1.63394836264805,6.8940878284237215,0.1175596211254884,0.3150436046511627,0.0499221430200024,0.1984011627906976,0.0225157790735284,0.1090116279069767,0.0147053365171329,0.0817587209302325,0.0447947173906511,0.456324816327681,538228,0.0524777603543479,21308,0.7643608034541017,0,clamp_2x
V3,5,clamp,30.0,4096,220,3433,2939,2939,542698,0.0001,all,True,0.0,30.0,30.0,30.000000000000004,-11.135276752405684,-5.617609565706729,-1.2190186955988884,0.0,1.2995667075531558,5.822237773402578,11.411585302517487,0.0001463234685393,1.257421441332668,3.050056047980675,7.628691049965626,12.386825778831158,0.3275910358984186,0.5791085403198367,0.2246829728504619,0.4954066008846546,0.1468090908755882,0.4321197686287853,0.1126372310198305,0.3906090506975161,0.2059745936045461,1.4931660644282423,514534,0.2369814239680954,94260,0.9483874389985149,0,clamp_30x
V3,5,promoter,10.0,4096,233,3468,3376,3376,700424,0.0001,all,True,0.53125,1.0000201623105966,6.353359874440672,10.005280988051895,-2.046709532407517,-0.1047161347237311,-0.0040314158006228,-5.273559366969495e-16,0.0037447910122942,0.1041465189394068,1.9719030281497671,2.483989572088508e-07,0.00389044881334,0.0216205192224714,0.2621009858133522,3.564237665571082,0.0704815940059164,0.2351895734597156,0.0206360718650417,0.1217417061611374,0.0060877411396525,0.053909952606635,0.00358068826882,0.0299170616113744,0.0173680513517526,0.2268560208675657,669479,0.0215899229102033,14075,0.5809591474245115,0,promoter_10x
V3,5,promoter,2.0,4096,244,3757,3718,3718,774306,0.0001,all,True,0.37109375,1.000021229712467,1.9818218233332523,2.0018194490709647,-0.1675283515804004,-0.0173387879559339,-0.0006812256137806,-2.775557561562892e-17,0.0006779353611056,0.0173390332236128,0.1601387777436163,4.3052239401958354e-08,0.0006797485886371,0.0037218189943502,0.0413697672809543,0.2547671742215864,0.0289704587075393,0.1484669176976869,0.003924804922085,0.0441097364174287,0.0002763765229767,0.0080688542227003,6.32824748871893e-05,0.0024206562668101,0.0030853435205203,0.0211462056129596,741419,0.0040988968451037,6634,0.3017787157069641,0,promoter_2x
